rep_seed,true_p,candidate_p,val_avg_loglik,val_alpha_mse
10000,1,1,-0.8290808796882629,0.10562475770711899
10000,1,2,-1.6716971397399902,0.1106422170996666
10000,1,3,-1.0434328317642212,0.09631695598363876
10000,1,4,-0.8064908981323242,0.09019244462251663
10000,1,5,-0.8159377574920654,0.08728304505348206
10000,1,6,-0.7230471968650818,0.09461410343647003
10000,1,8,-0.7171170711517334,0.10186739265918732
10000,1,10,-0.7277356386184692,0.10894414782524109
10001,1,1,-0.8099005818367004,0.11089497059583664
10001,1,2,-9.62185287475586,0.09980984032154083
10001,1,3,-1.1893036365509033,0.11291055381298065
10001,1,4,-0.8994322419166565,0.10138610750436783
10001,1,5,-0.7625641226768494,0.10572302341461182
10001,1,6,-0.7350093126296997,0.10068849474191666
10001,1,8,-0.7527393102645874,0.10564453154802322
10001,1,10,-0.73441481590271,0.09967073053121567
10002,1,1,-0.8327702283859253,0.10505765676498413
10002,1,2,-97.7466049194336,0.11338202655315399
10002,1,3,-0.9441709518432617,0.10138577967882156
10002,1,4,-0.8275514841079712,0.09455311298370361
10002,1,5,-0.7284651398658752,0.09938142448663712
10002,1,6,-0.7889615297317505,0.10198020190000534
10002,1,8,-0.7282620668411255,0.10145951807498932
10002,1,10,-0.7426987886428833,0.09930603206157684
10003,1,1,-0.858169674873352,0.10496842116117477
10003,1,2,-1.8144316673278809,0.10397132486104965
10003,1,3,-1.1613764762878418,0.10695924609899521
10003,1,4,-0.8427366018295288,0.11040204763412476
10003,1,5,-0.786193311214447,0.11006486415863037
10003,1,6,-0.7832465767860413,0.09642485529184341
10003,1,8,-0.7412682175636292,0.09760553389787674
10003,1,10,-0.7201404571533203,0.09071408957242966
10004,1,1,-0.7838031053543091,0.11062021553516388
10004,1,2,-400518.4375,0.09558692574501038
10004,1,3,-0.9543746113777161,0.1061418205499649
10004,1,4,-0.7845324873924255,0.10855939239263535
10004,1,5,-0.7702366709709167,0.10540906339883804
10004,1,6,-0.7708191275596619,0.09446414560079575
10004,1,8,-0.7305148243904114,0.08805228024721146
10004,1,10,-0.7225207686424255,0.1052517220377922
10005,1,1,-0.8404136300086975,0.1005019024014473
10005,1,2,-9.588274002075195,0.10857630521059036
10005,1,3,-0.8267090916633606,0.10797224938869476
10005,1,4,-0.8071735501289368,0.10597565025091171
10005,1,5,-0.8100457787513733,0.101590096950531
10005,1,6,-0.7427271604537964,0.0926605686545372
10005,1,8,-0.7489821910858154,0.11395787447690964
10005,1,10,-0.7373619079589844,0.10893746465444565
10006,1,1,-0.8935046195983887,0.11403229087591171
10006,1,2,-1.5686174631118774,0.10794316232204437
10006,1,3,-0.9400632381439209,0.09609834849834442
10006,1,4,-0.9677062034606934,0.10013047605752945
10006,1,5,-0.7621126770973206,0.10399381816387177
10006,1,6,-0.7844686508178711,0.10255267471075058
10006,1,8,-0.7226511240005493,0.1128268912434578
10006,1,10,-0.7145341038703918,0.10018276423215866
10007,1,1,-1.2270288467407227,0.09899687021970749
10007,1,2,-2.126655340194702,0.10385899990797043
10007,1,3,-0.9082801938056946,0.09721606969833374
10007,1,4,-0.8220103979110718,0.10424167662858963
10007,1,5,-0.8091539740562439,0.09204193949699402
10007,1,6,-0.7571879029273987,0.08856932818889618
10007,1,8,-0.7385706901550293,0.11252612620592117
10007,1,10,-0.7301801443099976,0.1002819687128067
10008,1,1,-0.7882400155067444,0.09258618950843811
10008,1,2,-1.3903521299362183,0.11590627580881119
10008,1,3,-0.9395337700843811,0.08822818845510483
10008,1,4,-0.8577972650527954,0.11091823130846024
10008,1,5,-0.8288178443908691,0.10886257886886597
10008,1,6,-0.7383393049240112,0.10920187085866928
10008,1,8,-0.7079629302024841,0.10834293067455292
10008,1,10,-0.7206802368164062,0.08879730105400085
10009,1,1,-0.7664989829063416,0.10083533078432083
10009,1,2,-1.2894775867462158,0.09706688672304153
10009,1,3,-0.8699663877487183,0.08639532327651978
10009,1,4,-0.8240191340446472,0.10452254861593246
10009,1,5,-0.7753463983535767,0.10314248502254486
10009,1,6,-0.7770177125930786,0.11048481613397598
10009,1,8,-0.7166945934295654,0.08978346735239029
10009,1,10,-0.720187246799469,0.09670261293649673
20000,2,1,-0.722632884979248,0.08339016139507294
20000,2,2,-1.8914402723312378,0.0979720801115036
20000,2,3,-0.9116673469543457,0.09475743025541306
20000,2,4,-0.7504903078079224,0.09149154275655746
20000,2,5,-0.839924156665802,0.09542206674814224
20000,2,6,-0.7731316685676575,0.10731774568557739
20000,2,8,-0.7372279167175293,0.10112550109624863
20000,2,10,-0.7093617916107178,0.09640512615442276
20001,2,1,-0.7824435830116272,0.10181679576635361
20001,2,2,-3.454404830932617,0.0996284931898117
20001,2,3,-0.9733620285987854,0.08996065706014633
20001,2,4,-0.840532124042511,0.1069226935505867
20001,2,5,-0.821881115436554,0.0941886454820633
20001,2,6,-0.7472635507583618,0.10256734490394592
20001,2,8,-0.7399603724479675,0.10523855686187744
20001,2,10,-0.723361611366272,0.09853561967611313
20002,2,1,-0.7290098071098328,0.09677129983901978
20002,2,2,-12.74055004119873,0.09745471179485321
20002,2,3,-0.8443984985351562,0.09448942542076111
20002,2,4,-0.8517444729804993,0.08803452551364899
20002,2,5,-0.8450583815574646,0.10608310252428055
20002,2,6,-0.7360846400260925,0.10331228375434875
20002,2,8,-0.7390296459197998,0.09342903643846512
20002,2,10,-0.7453434467315674,0.10038632154464722
20003,2,1,-0.7633537650108337,0.1072242334485054
20003,2,2,-3.3622477054595947,0.10333389043807983
20003,2,3,-0.9816586971282959,0.08818981796503067
20003,2,4,-0.8432419896125793,0.09736955910921097
20003,2,5,-0.7635687589645386,0.09772709012031555
20003,2,6,-0.7628769874572754,0.09548593312501907
20003,2,8,-0.7432790398597717,0.09949100762605667
20003,2,10,-0.7329022884368896,0.10295136272907257
20004,2,1,-0.8242967128753662,0.10190960764884949
20004,2,2,-1.9271529912948608,0.0982128158211708
20004,2,3,-0.9926337003707886,0.11040734499692917
20004,2,4,-0.8703259229660034,0.1038801297545433
20004,2,5,-0.805328369140625,0.09343153238296509
20004,2,6,-0.736260712146759,0.09894492477178574
20004,2,8,-0.7153360843658447,0.10359316319227219
20004,2,10,-0.7278608083724976,0.10198105126619339
20005,2,1,-0.8789971470832825,0.09916017204523087
20005,2,2,-13.597701072692871,0.10269003361463547
20005,2,3,-0.8154063820838928,0.10167047381401062
20005,2,4,-0.8961766958236694,0.10278820246458054
20005,2,5,-0.8145854473114014,0.10087493062019348
20005,2,6,-0.7550668716430664,0.09952682256698608
20005,2,8,-0.7635369300842285,0.09768523275852203
20005,2,10,-0.7192554473876953,0.1085856631398201
20006,2,1,-0.7882183790206909,0.1108098104596138
20006,2,2,-158.01498413085938,0.09011666476726532
20006,2,3,-1.1410470008850098,0.09853892773389816
20006,2,4,-0.7906011343002319,0.07962311804294586
20006,2,5,-0.7380209565162659,0.11174999177455902
20006,2,6,-0.781002938747406,0.09740058332681656
20006,2,8,-0.7491779327392578,0.09397033601999283
20006,2,10,-0.7416512370109558,0.1059696227312088
20007,2,1,-0.7766496539115906,0.10830730944871902
20007,2,2,-2.1388487815856934,0.11078519374132156
20007,2,3,-1.0863018035888672,0.10186389088630676
20007,2,4,-0.8300277590751648,0.10836322605609894
20007,2,5,-0.8064579367637634,0.09839285910129547
20007,2,6,-0.7665727734565735,0.10385264456272125
20007,2,8,-0.7075649499893188,0.10156901925802231
20007,2,10,-0.7365225553512573,0.08429040759801865
20008,2,1,-1.1713125705718994,0.0997883677482605
20008,2,2,-568.0282592773438,0.11344872415065765
20008,2,3,-0.9326526522636414,0.1028636023402214
20008,2,4,-0.866001307964325,0.09278520941734314
20008,2,5,-0.7738877534866333,0.08249939978122711
20008,2,6,-0.734254002571106,0.10149378329515457
20008,2,8,-0.7470335960388184,0.11029123514890671
20008,2,10,-0.7252724170684814,0.10380347818136215
20009,2,1,-0.7943641543388367,0.08731363713741302
20009,2,2,-3.8157970905303955,0.09380944818258286
20009,2,3,-0.9790019989013672,0.11027433723211288
20009,2,4,-0.7593213319778442,0.09445074200630188
20009,2,5,-0.8002386689186096,0.09481822699308395
20009,2,6,-0.7459579110145569,0.10639943182468414
20009,2,8,-0.7177838087081909,0.0982835665345192
20009,2,10,-0.7153672575950623,0.10954061895608902
40000,4,1,-0.8287429809570312,0.09565790742635727
40000,4,2,-3.456535577774048,0.10167738795280457
40000,4,3,-0.8156334757804871,0.10052961111068726
40000,4,4,-0.956188976764679,0.09647912532091141
40000,4,5,-0.8201000690460205,0.09191063791513443
40000,4,6,-0.7707633972167969,0.10489331185817719
40000,4,8,-0.7346120476722717,0.0943240150809288
40000,4,10,-0.7069728970527649,0.08745847642421722
40001,4,1,-0.7866948843002319,0.10113494098186493
40001,4,2,-3.4426169395446777,0.0991373136639595
40001,4,3,-0.8608765602111816,0.08956296741962433
40001,4,4,-0.8206082582473755,0.10507232695817947
40001,4,5,-0.7609742283821106,0.09336885064840317
40001,4,6,-0.7970799207687378,0.09570438414812088
40001,4,8,-0.7521159648895264,0.09852202236652374
40001,4,10,-0.7281026244163513,0.09965182095766068
40002,4,1,-0.8184372186660767,0.09179351478815079
40002,4,2,-2.9809086322784424,0.09047023952007294
40002,4,3,-0.8875688910484314,0.1065031960606575
40002,4,4,-0.8518133759498596,0.0957045927643776
40002,4,5,-0.7966511249542236,0.10059475153684616
40002,4,6,-0.7752628922462463,0.09522095322608948
40002,4,8,-0.7418461441993713,0.09845772385597229
40002,4,10,-0.7155184745788574,0.10067281126976013
40003,4,1,-0.7851921319961548,0.09341278672218323
40003,4,2,-2.132398843765259,0.1003684550523758
40003,4,3,-1.6934086084365845,0.09527694433927536
40003,4,4,-0.794461727142334,0.1057845875620842
40003,4,5,-0.7935099005699158,0.09389378875494003
40003,4,6,-0.7839168906211853,0.09990065544843674
40003,4,8,-0.7353227138519287,0.08223182708024979
40003,4,10,-0.7171880602836609,0.10601862519979477
40004,4,1,-0.7662787437438965,0.09439802914857864
40004,4,2,-200.06336975097656,0.1082151010632515
40004,4,3,-0.8773940205574036,0.0961589366197586
40004,4,4,-0.7915497422218323,0.10487741231918335
40004,4,5,-0.8043893575668335,0.10267872363328934
40004,4,6,-0.755713164806366,0.10260044783353806
40004,4,8,-0.7303931713104248,0.09651164710521698
40004,4,10,-0.7364674806594849,0.08390659093856812
40005,4,1,-0.7496163249015808,0.1012587770819664
40005,4,2,-34.249794006347656,0.09504558145999908
40005,4,3,-0.9303293228149414,0.09891431033611298
40005,4,4,-0.8167478442192078,0.09356053918600082
40005,4,5,-0.786838948726654,0.09190744906663895
40005,4,6,-0.7275036573410034,0.09959331154823303
40005,4,8,-0.7494288086891174,0.10724835842847824
40005,4,10,-0.7284541130065918,0.10017269849777222
40006,4,1,-0.7705894112586975,0.10419319570064545
40006,4,2,-2.617048740386963,0.1051943227648735
40006,4,3,-1.306560754776001,0.09903685003519058
40006,4,4,-0.847344160079956,0.10671057552099228
40006,4,5,-0.7580268979072571,0.10684534907341003
40006,4,6,-0.737590491771698,0.10054444521665573
40006,4,8,-0.7170705199241638,0.11095738410949707
40006,4,10,-0.7499889135360718,0.10099703818559647
40007,4,1,-0.7415798306465149,0.09793823957443237
40007,4,2,-5.424859523773193,0.10002538561820984
40007,4,3,-1.130419135093689,0.10552999377250671
40007,4,4,-0.8007273077964783,0.09370763599872589
40007,4,5,-0.7623336315155029,0.10089302808046341
40007,4,6,-0.7549504637718201,0.10290275514125824
40007,4,8,-0.7262388467788696,0.09931930154561996
40007,4,10,-0.7193411588668823,0.09460321813821793
40008,4,1,-0.8000717163085938,0.1098506972193718
40008,4,2,-19.780231475830078,0.09837938100099564
40008,4,3,-0.8558889031410217,0.10564018040895462
40008,4,4,-0.8395962715148926,0.09946399182081223
40008,4,5,-0.7891895771026611,0.10282011330127716
40008,4,6,-0.7840266227722168,0.10785771906375885
40008,4,8,-0.8153236508369446,0.09967648983001709
40008,4,10,-0.7234798669815063,0.08554643392562866
40009,4,1,-0.7696755528450012,0.10285507142543793
40009,4,2,-11.315208435058594,0.09426689893007278
40009,4,3,-0.9464550614356995,0.09586004167795181
40009,4,4,-0.7934061884880066,0.0991329476237297
40009,4,5,-0.7771246433258057,0.09268984943628311
40009,4,6,-0.7935193181037903,0.09384717792272568
40009,4,8,-0.747631311416626,0.0971376970410347
40009,4,10,-0.7219688296318054,0.1172262579202652
80000,8,1,-0.7114161849021912,0.09920909255743027
80000,8,2,-1.9831209182739258,0.09920634329319
80000,8,3,-0.9120566844940186,0.09940996021032333
80000,8,4,-0.855618417263031,0.10497025400400162
80000,8,5,-0.8109304904937744,0.10648132860660553
80000,8,6,-0.7396172881126404,0.0969921424984932
80000,8,8,-0.766116201877594,0.09757119417190552
80000,8,10,-0.71864914894104,0.09387123584747314
80001,8,1,-1.0285907983779907,0.10966415703296661
80001,8,2,-2.270271062850952,0.11355763673782349
80001,8,3,-1.35103178024292,0.09877901524305344
80001,8,4,-0.8688800930976868,0.09954480081796646
80001,8,5,-0.8204148411750793,0.09304142743349075
80001,8,6,-0.7499481439590454,0.09457391500473022
80001,8,8,-0.7455081939697266,0.09956932812929153
80001,8,10,-0.7279620170593262,0.10666894912719727
80002,8,1,-0.7700096964836121,0.10398101061582565
80002,8,2,-2.4384875297546387,0.10470406711101532
80002,8,3,-1.025331735610962,0.10750426352024078
80002,8,4,-0.8009151816368103,0.0986844003200531
80002,8,5,-0.7991533279418945,0.10003241151571274
80002,8,6,-0.7626971006393433,0.10015799850225449
80002,8,8,-0.7618672847747803,0.09165673702955246
80002,8,10,-0.724847137928009,0.10483856499195099
80003,8,1,-0.8504518866539001,0.0971011072397232
80003,8,2,-46.407413482666016,0.08820264786481857
80003,8,3,-0.9673574566841125,0.055757611989974976
80003,8,4,-0.82139652967453,0.09596865624189377
80003,8,5,-0.870406448841095,0.10636270046234131
80003,8,6,-0.7886610627174377,0.08595023304224014
80003,8,8,-0.6756179332733154,0.0699232965707779
80003,8,10,-0.7201282978057861,0.09203379601240158
80004,8,1,-0.7321582436561584,0.09703931957483292
80004,8,2,-2.99931001663208,0.10903478413820267
80004,8,3,-1.3752660751342773,0.08924751728773117
80004,8,4,-0.7735008001327515,0.10207991302013397
80004,8,5,-0.8047316074371338,0.11322104185819626
80004,8,6,-0.8022418022155762,0.10644730925559998
80004,8,8,-0.7216648459434509,0.09544558823108673
80004,8,10,-0.7390707731246948,0.10653669387102127
80005,8,1,-0.7858865261077881,0.10507449507713318
80005,8,2,-2.2403392791748047,0.09392809122800827
80005,8,3,-0.9225558042526245,0.09791278839111328
80005,8,4,-0.8719680309295654,0.09702126681804657
80005,8,5,-0.7471053600311279,0.10362924635410309
80005,8,6,-0.7877653241157532,0.10076933354139328
80005,8,8,-0.7653714418411255,0.10275259613990784
80005,8,10,-0.726137638092041,0.09481777250766754
80006,8,1,-0.7517744898796082,0.09539080411195755
80006,8,2,-13.87342357635498,0.09357962757349014
80006,8,3,-0.852516233921051,0.0984303206205368
80006,8,4,-0.8049119114875793,0.10829725861549377
80006,8,5,-0.7795297503471375,0.10465698689222336
80006,8,6,-0.8185176849365234,0.10078752040863037
80006,8,8,-0.7232439517974854,0.08985522389411926
80006,8,10,-0.7383603453636169,0.08967451006174088
80007,8,1,-0.7516841292381287,0.09825664758682251
80007,8,2,-611.2610473632812,0.09930621832609177
80007,8,3,-0.9221125245094299,0.09657718241214752
80007,8,4,-0.8490275144577026,0.09539815783500671
80007,8,5,-0.8136962652206421,0.11302836239337921
80007,8,6,-0.7220761179924011,0.10083432495594025
80007,8,8,-0.7255644798278809,0.09898562729358673
80007,8,10,-0.7180248498916626,0.10642591118812561
80008,8,1,-0.7875180840492249,0.09943888336420059
80008,8,2,-16.184154510498047,0.11271578818559647
80008,8,3,-0.9404544234275818,0.09516012668609619
80008,8,4,-0.9148497581481934,0.10166016221046448
80008,8,5,-0.7841295003890991,0.10237032920122147
80008,8,6,-0.7575116753578186,0.09708242863416672
80008,8,8,-0.7293838858604431,0.1033659353852272
80008,8,10,-0.7032227516174316,0.10829531401395798
80009,8,1,-0.7217323780059814,0.08728419244289398
80009,8,2,-4.622463226318359,0.10979928076267242
80009,8,3,-0.8570396900177002,0.09595149755477905
80009,8,4,-0.7723256945610046,0.09549912810325623
80009,8,5,-0.9193398952484131,0.10228770971298218
80009,8,6,-0.7555310130119324,0.08685288578271866
80009,8,8,-0.7318519949913025,0.10186196863651276
80009,8,10,-0.719336211681366,0.09563354402780533
